domain,url,title,topic,outreach_status,sent_date,reply_status,linked,notes
pennfoster.edu,https://www.pennfoster.edu/programs/trades/hvac-technician-career-diploma,HVACR Certification - Online Program | Penn Foster,HVAC trade school resources,queued,,,,
trane.com,https://www.trane.com/commercial/north-america/us/en/education-training.html,HVAC Education & Training | Trane Commercial HVAC,HVAC trade school resources,queued,,,,
skillcatapp.com,https://www.skillcatapp.com/online-hvac-training,Online HVAC Training- Certification Program,HVAC trade school resources,sent,2026-05-24,,,
hvacredu.net,https://www.hvacredu.net/,HVACRedu.net – Online HVAC and Refrigeration Training,HVAC trade school resources,sent,2026-05-24,,,
hvacrschool.com,http://www.hvacrschool.com/,HVAC and Refrigeration Free Training,HVAC trade school resources,sent,2026-05-24,,,
hvaclearningcampus.com,https://www.hvaclearningcampus.com/,HVAC Learning Campus,HVAC trade school resources,sent,2026-05-24,,,
johnsoncontrols.com,https://www.johnsoncontrols.com/services-and-support/training-services/hvac-training,BAS & HVAC Training Courses | Johnson Controls,HVAC trade school resources,queued,,,,
resourcevt.org,https://resourcevt.org/hvac-101/,HVAC 101 Training Program - ReSOURCE Vermont,HVAC trade school resources,queued,,,,
carrier.com,https://www.carrier.com/carrieruniversity/en/us/training-courses/,HVAC Training Courses & HVAC Training Materials | Carrier University,HVAC trade school resources,queued,,,,
acca.org,https://www.acca.org/certification/qtech/entryleveltech,HVAC Training: Entry Level Tech - ACCA,HVAC trade school resources,queued,,,,
hvactradeschools.org,https://hvactradeschools.org/schools/hvac-training-program/,2026 Online HVAC Training Program Guide - HVAC Trade Schools,HVAC trade school resources,sent,2026-05-24,,,
laguardia.edu,https://www.laguardia.edu/ce/career-skills-training/hvacr-1-training-program/,HVACR 1 Training Program – LaGuardia Community College,HVAC trade school resources,queued,,,,
stlcc.edu,https://stlcc.edu/pathways/industrial/hvac-tech/,HVAC Training | HVAC Technician Certification,HVAC trade school resources,queued,,,,
hvacr.elearn.network,https://hvacr.elearn.network/,HVACR Learning Network,HVAC trade school resources,queued,,,,
bmcc.cuny.edu,https://www.bmcc.cuny.edu/ce/online-courses/online-certified-hvacr-technician-training-course/,Online Certified HVACR Technician Training Course – BMCC,HVAC trade school resources,queued,,,,
esub.com,https://esub.com/blog/top-15-hvac-blogs-for-contractors-and-subcontractors,Top 15 HVAC Blogs For Contractors And Subcontractors,Contractor blog resource pages,sent,2026-05-23,,,
servicetitan.com,https://www.servicetitan.com/blog/hvac-troubleshooting-scenarios,Common HVAC Troubleshooting Scenarios: A Technician's Guide,Contractor blog resource pages,queued,,,,
getjobber.com,https://www.getjobber.com/academy/hvac/hvac-blogs/,"The 24 Best HVAC Blogs, Forums, and News Sites to Read in 2026",Contractor blog resource pages,sent,2026-05-23,,,
blog.sendwork.com,https://blog.sendwork.com/category/contractor-resources/hvac/,HVAC Tips & Resources | SendWork Contractor Blog,Contractor blog resource pages,sent,2026-05-24,,,
resheatandair.com,https://www.resheatandair.com/blog/,HVAC Contractor Blog | Residential Heating and Air Conditioning,Contractor blog resource pages,queued,,,,
handoff.ai,https://www.handoff.ai/blog/troubleshooting-guide-for-common-hvac-problems,Troubleshooting Guide for Common HVAC Problems,Contractor blog resource pages,sent,2026-05-24,,,
hvacknowitall.com,https://hvacknowitall.com/blog/general-guide-to-hvac-troubleshooting,A General Guide To HVAC Troubleshooting | HVAC Know It All,Contractor blog resource pages,sent,2026-05-23,,,
bobsheating.com,https://www.bobsheating.com/blog,Blog - Bob’s Heating,Contractor blog resource pages,queued,,,,
hvac-blog.acca.org,https://hvac-blog.acca.org/diagnostic-troubleshooting-what-are-the-steps-for-diagnosing-a-malfunctioning-hvac-system-and-how-do-you-prioritize-them/,"Matt, What Are the Steps for Diagnosing a Malfunctioning HVAC System, and How Do You Prioritize Them? - ACCA HVAC Blog",Contractor blog resource pages,queued,,,,
traviscrawfordhvac.com,https://traviscrawfordhvac.com/blog/,Our Blog | Plumbing Tips | HVAC Troubleshooting | FAQs | Travis Crawford,Contractor blog resource pages,queued,,,,
generaltools.com,https://www.generaltools.com/blog/most-common-hvac-problems,10 of the Most Common HVAC Problems,Contractor blog resource pages,sent,2026-05-24,,,
